State,Private Production (kWh),Private Capacity (kW),Public Production (kWh),Public Capacity (kW),Total Production (kWh),Total Capacity (kW),Year
United States,1.81825E+11,39871613,39144022000,9432940,2.2097E+11,49304553,1943
New England,11940068000,3330063,247706000,117553,12187771000,3447616,1943
Middle Atlantic,48523269000,10212465,2052752000,766833,50576021000,10979298,1943
East North Central,17760293000,10153664,2624111000,980343,50384404000,11134007,1943
West North Central,9559340000,2673574,1977442000,858730,11536782000,3532304,1943
South Atlantic,25131278000,5634400,1895285000,594160,27026563000,6228560,1943
East South Central,5723062000,1269870,9451717000,1779985,15174779000,3049855,1943
West South Central,11089974000,2051275,1830624000,535118,12920598000,2586393,1943
Mountain,5662034000,1273338,7178156000,1317106,12840190000,2590444,1943
Pacific,16436181000,3272964,11886220000,2483112,28322410000,5756076,1943
Maine,1319701000,337452,11127000,2692,1330828000,340144,1943
New Hampshire,982026000,313135,1288000,1780,986314000,314915,1943
Vermont,768104000,170297,27587000,9222,795691000,179519,1943
Massachusetts,4626565000,1424508,151611000,74609,4778176000,1499117,1943
Rhode Island,924795000,276421,10103000,8300,964898000,284721,1943
Connecticut,3318877000,808250,12990000,20950,3331867000,829200,1943
New York,23834313000,5259062,1911707000,701360,25716020000,5960422,1943
New Jersey,7297225000,1560970,38236000,17217,7335461000,1578187,1943
Pennsylvania,17391731000,3392933,102809000,18256,17494540000,3440689,1943
Ohio,14341319000,2843425,661550000,253717,15002869000,3097142,1943
Indiana,6371715000,1157607,517348000,219034,6889063000,1376641,1943
Illinois,13159042000,2929124,329300000,137603,13488342000,3066727,1943
Michigan,9374158000,2093678,887227060,295892,10261385000,2389570,1943
Wisconsin,4514059000,1129830,228686000,71097,4742715000,1203927,1943
Minnesota,2327422000,673875,262666000,128479,2590088000,802354,1943
Iowa,2511849000,629637,230680000,115590,2742729000,745227,1943
Missouri,2269552000,749467,198573000,101863,2468125000,854330,1943
North Dakota,203990000,89099,23900000,11266,267890000,100365,1943
South Dakota,180208000,70117,49490000,22774,229707000,92891,1943
Nebraska,445182000,113988,741882000,302631,1187064000,416619,1943
Kansas,1581137000,347391,470092000,176127,2051179900,523518,1943
Delaware,3198000,28200,19092000,10712,22290000,38912,1943
Maryland,3960534000,784117,39832000,19312,1000366000,803429,1943
District of Columbia,1748376000,105000,7535000,3000,1755911000,408000,1943
Virginia,2979071000,642175,105672000,43101,3084743000,685276,1943
West Virginia,5717165000,999645,1243000,470,5718408000,1000115,1943
North Carolina,4480799000,1202645,490914000,135443,4971713000,1338088,1943
South Carolina,1781510000,629603,667840000,162945,2449350000,792508,1943
Georgia,2989155000,623344,112500000,43387,3101655000,666731,1943
Florida,1471470000,319671,150657000,175790,1922127000,195461,1943
Kentucky,1893555000,414417,144654000,45730,2038209000,460147,1943
Tennessee,422276000,87343,5799522000,1064700,6221798000,1152043,1943
Alabama,3352799000,735932,3393173000,607640,6745972000,1343572,1943
Mississippi,54432000,32178,411368000,61915,168800000,94093,1943
Arkansas,424948000,164298,46356000,25127,471394000,189425,1943
Louisiana,2793136000,467124,183436000,77079,2976572000,544203,1943
Oklahoma,1861886000,355212,432995000,111684,2294881000,486896,1943
Texas,6.01E+09,1064641,1167837000,321228,7177841000,1385869,1943
Montana,2473225000,338357,123861000,35467,2597086000,373824,1943
Idaho,1116656000,232476,221527000,37837,1338183000,270313,1943
Wyoming,64001000,39129,226537000,50296,290538000,89425,1943
Colorado,925645000,283909,171624000,69293,1097269000,353202,1943
New Mexico,343509000,116208,127422000,30402,470931000,46610,1943
Arizona,106780000,104693,3091991000,572066,3198771000,676759,1943
Utah,547342000,143944,71938000,24953,619280000,168897,1943
Nevada,84876000,14622,3143256000,496792,3228132000,511411,1943
Washington,3185641000,552046,5741088000,1166259,8926679000,1718305,1943
Oregon,1278542000,359541,3340828000,548596,4619370000,908137,1943
California,11971998000,2361377,2804363000,768257,14776361000,3129634,1943
United States,18689988000,40209058,43916500000,10066319,2.30736E+11,50275377,1944
New England,1266363000,3318408,311467000,130903,1.24278E+11,344931,1944
Middle Atlantic,47792419000,10234847,1987091000,771883,49779510000,11006730,1944
East North Central,50881819000,10330062,2800115000,988103,53681934000,11318165,1944
West North Central,10131414000,2703284,2132859000,863331,12264273000,3566615,1944
South Atlantic,26014684000,5728031,2168631000,611848,28183315000,6339879,1944
East South Central,5836575000,1225619,10324654000,1947619,16161229000,3173238,1944
West South Central,12265158000,2036424,1889159000,611253,46154317000,2617677,1944
Mountain,5278527000,1253269,7770661000,400207,1304988000,2653476,1944
Pacific,16453029000,337914,14531863000,2741172,30984892000,6120286,1944
Maine,1326649000,336212,11307000,2692,1337956000,338904,1944
New Hampshire,875426000,320995,4079000,1780,879505000,322775,1944
Vermont,563628000,66347,28036000,9822,591664000,76169,1944
Massachusetts,4850637000,14112223,159223000,74859,5009860000,1487082,1944
Rhode Island,1088999000,276421,78121000,13300,1167120000,289721,1944
Connecticut,3461024000,806210,30701000,28450,3491725000,834660,1944
New York,22582062000,5236989,1844952000,706360,24427014000,5943349,1944
New Jersey,7684776000,544940,38336000,17217,772312000,1562157,1944
Pennsylvania,17525581000,452918,103803000,48306,17629384000,3501224,1944
Ohio,15388909000,2886145,703704000,257977,16092613000,314422,1944
Indiana,173529000,1324237,540357000,224555,7653886000,1548792,1944
Illinois,13978209000,2906434,396896000,137604,14375105000,3044038,1944
Michigan,9686335000,2085604,922658000,296092,10608993000,2381696,1944
Wisconsin,4714837000,1127642,236500000,71875,1951337000,1199517,1944
Minnesota,2389619000,703975,287588000,130184,2677207000,834459,1944
Iowa,2542516000,640435,299203000,116687,2791719000,757122,1944
Missouri,2525041000,741976,227659000,102729,2752700000,844705,1944
North Dakota,262446000,88999,26813000,11266,289258000,100265,1944
South Dakota,895260001,70198,51167000,23000,240693000,93198,1944
Nebraska,543501000,113828,739601000,303339,1283020001,741167,1944
Kansas,1678766000,343873,550828000,175826,2229594000,519699,1944
Delaware,13026000,28200,22617000,10712,35643000,38912,1944
Maryland,4077487000,836087,45561000,26312,4123028000,862399,1944
District of Columbia,1904907000,405000,7322000,3000,1912229000,408000,1944
Virginia,3483439000,798290,108992000,43476,3592131000,841766,1944
West Virginia,5945380000,996735,1319000,470,5946699000,997205,1944
North Carolina,3969948000,1077315,474205000,137273,4444153000,1214588,1944
South Carolina,1866675000,629524,640818000,162945,2507493000,792489,1944
Georgia,3065077000,613789,104789000,43388,3169866000,657177,1944
Florida,1688765000,343091,763008000,184272,2451773000,527363,1944
Kentucky,1911710000,412451,237004000,109790,2148714000,522241,1944
Tennessee,398531000,84673,6594434000,186790,6992965000,1271463,1944
Alabama,3484857000,704539,3404561000,619123,6889418000,1323662,1944
Mississippi,41177000,23956,88655000,31916,130132000,55872,1944
Arkansas,647707000,162027,65509000,60127,713216000,222154,1944
Louisiana,3183292000,463218,203664000,80927,3386956000,544145,1944
Oklahoma,1957450000,347355,485453000,112261,2142903000,459616,1944
Texas,6476709000,1062824,1134533000,357938,7612420001,1421762,1944
Montana,2312585000,337811,47196000,35577,2459781000,373388,1944
Idaho,1038493000,232197,95271000,35862,1233764000,268059,1944
Wyoming,63322000,32654,92253000,50057,255575000,82711,1944
Colorado,951907000,280613,84924000,70997,1136831000,351610,1944
New Mexico,378393000,118607,132772000,30902,565000,148509,1944
Arizona,108036000,96958,3662631000,572566,3770667000,663524,1944
Utah,360599000,143944,76344000,24954,646943000,68898,1944
Nevada,65192000,10485,3179270000,579292,3244462000,589777,1944
Washington,2805687000,549664,7506210000,1274259,10311897000,1823725,1944
Oregon,1100232000,353673,3685307000,548656,4785539000,902329,1944
California,12547000011,2475975,3340346000,918257,15887456000,3394232,1944
United States,1.80926E+11,40307179,41660366000,9803749,2.22486E+11,50110928,1945
New England,11521356000,3078824,283185000,118763,11804841000,3197587,1945
Middle Atlantic,46231952000,10347252,4146200000,162636,16678152000,10509888,1945
East North Central,48056481,10499808,2864448000,1006528,50920929000,11506336,1945
West North Central,10107868000,2561361,2319715000,901289,12727583000,31965650,1945
South Atlantic,25803078000,5810558,2481115000,746367,28284523000,6556925,1945
East South Central,5790866000,1355000,10806217000,2079039,1659613000,3434079,1945
West South Central,11527841000,2053582,2154403000,640378,13682244000,2693960,1945
Mountain,5194650000,1235943,6779071000,1410782,11973721000,2646725,1945
Pacific,16391825000,3364811,13126352000,2734967,29818177000,6099778,1945
Maine,1337389000,329332,11168000,2692,1348857000,332024,1945
New Hampshire,1033787000,303021,4156000,1780,1038243000,,1945
Vermont,801183000,164907,30627000,9732,831810000,174639,1945
Massachusetts,,1260783,161362000,69609,1576536000,1330392,1945
Rhode Island,881830000,27642,37038000,6500,918868000,282921,1945
Connecticut,3051993000,744360,38534000,28150,3090527000,772810,1945
New York,21710971000,5264179,292449000,96360,22003420000,5360539,1945
New Jersey,7279627000,1554230,15183000,17217,7324810000,1571444,1945
Pennsylvania,17241354000,3528843,108668000,19059,17349922000,3577902,1945
Ohio,13974421000,2984325,731849000,265545,11706270000,3249870,1945
Indiana,6888665000,1385549,553326000,224670,7441991000,1610219,1945
Illinois,13583420000,2916259,136563000,141791,11019987000,3058050,1945
Michigan,8946035000,2086254,881575000,296622,9826610000,2382876,1945
Wisconsin,4664936000,1127421,261135000,77900,4926071000,1205324,1945
Minnesota,2348214000,612087,317656000,139904,2665870000,751991,1945
Iowa,2606603000,64745,269021000,119657,2875620000,761102,1945
Missouri,2712239000,685819,308599000,130541,3020838000,816360,1945
North Dakota,284081000,89032,28165000,11266,312546000,100298,1945
South Dakota,210716000,76217,54429000,23000,265195000,99217,1945
Nebraska,553084000,113108,780633000,302746,1333717000,115854,1945
Kansas,1692931000,343353,560912000,177175,2253843000,520528,1945
Delaware,1617000,28200,26170000,10712,42917000,38912,1945
Maryland,4283777000,873327,50021000,26572,4333798000,899899,1945
District of Columbia,1675075000,465000,214000,3000,1681289000,458000,1945
Virginia,3603248000,751545,113151000,43476,3716699000,795021,1945
West Virginia,5778500041,959835,3190001,470,5779734000,960305,1945
North Carolina,4006100000,1075270,960137000,271558,1966237000,1346828,1945
South Carolina,670394000,629599,580180000,162345,2250574000,791944,1945
Georgia,21811385000,672611,89132000,43262,2900517000,715876,1945
Florida,1958237000,365168,654521000,184972,2612758000,55010,1945
Kentucky,1543833000,412451,822925000,168790,2366758000,581241,1945
Tennessee,671352000,183333,6250882000,1268500,6922234000,1451833,1945
Alabama,3429334000,714800,3669952000,611833,7099286000,1326633,1945
Mississippi,146347000,44456,61488000,29916,207835000,74372,1945
Arkansas,589177000,162077,187154000,59788,776331000,221865,1945
Louisiana,3054865000,45971,194872000,82641,3219737000,542357,1945
Oklahoma,1758659000,344148,496826000,112823,2255485000,456971,1945
Texas,612510000,1087641,1275551000,385126,7400691000,1472767,1945
Montana,2219397000,337606,98639000,35826,2318036000,373432,1945
Idaho,1049602000,233356,2.10E+08,33862,1262606000,267218,1945
Wyoming,54505000,32247,206388000,50012,260893000,82259,1945
Colorado,924394000,254124,205091000,77224,1129485000,331645,1945
New Mexico,418047000,125296,110534000,3743,558581000,162139,1945
Arizona,128172000,95708,3308650000,672460,3436822000,66868,1945
Utah,335477000,146444,81462000,24963,693900041,171407,1945
Nevada,65056000,10865,2525303000,579292,2590359000,590157,1945
Washington,3105266000,546166,6584596000,1267159,9689862000,1813625,1945
Oregon,1046301000,353375,3138603000,549251,4184904000,902626,1945
California,12210258000,2465270,3703153000,918257,15943100041,3383527,1945
United States,181019921,10334545,42157862,9982076,223177783,5031662,1946
New England,12014178,3070332,292838,117483,12307316,3187795,1946
Middle Atlantic,46883567,10365922,465560,172562,47349127,10538484,1946
East North Central,47018180,10531906,3050548,1043624,50068828,11575530,1946
West North Central,10605495,2462522,2581748,1057018,13187243,3519540,1946
South Atlantic,25382423,5875874,3168363,752775,28550786,6628649,1946
East South Central,5573570,1349625,10912394,2075293,16485964,3124918,1946
West South Central,10823161,2062201,2245336,671374,13068797,2733575,1946
Mountain,5545319,1244837,613336,1432867,11658655,2677704,1946
Pacific,17173428,3371326,13327639,2659100,30501067,5030426,1946
Maine,1358784,330336,11798,2692,1370582,333028,1946
New Hampshire,1009516,300575,4595,1580,1014111,302255,1946
Vermont,726723,164757,32190,9732,758913,174189,1946
Massachusetts,4722766,1255783,165575,68509,4888341,1324292,1946
Rhode Island,34568,2764221,25747,6500,1060315,282921,1946
Connecticut,31162124,742360,52933,28450,3215054,770810,1946
New York,22603820,5297809,287973,96936,22891793,394745,1946
New Jersey,7511556,1546630,64370,27317,7575926,573947,1946
Pennsylvania,16768191,3521483,113271,48309,16881408,3569792,1946
Ohio,13170739,2980513,804847,278350,13975586,3258863,1946
Indiana,6683447,1378049,589176,228870,7272923,1606919,1946
Illinois,13105862,2959799,472094,15147,13877956,1310946,1946
Michigan,9159052,2086334,898822,300747,10057874,2387081,1946
Wisconsin,4599080,1127211,285409,84510,4884489,1211721,1946
Minnesota,2571177,611058,369334,150929,2940811,761987,1946
Iowa,2799178,657896,311502,126981,1310680,784877,1946
Missouri,2375010,684846,353532,139966,2728542,824812,1946
North Dakota,317946,90357,32379,4416,350325,104773,1946
South Dakota,259252,76686,61248,24134,320500,100820,1946
Nebraska,480587,1608,902058,419479,392645,421087,1946
Kansas,1792045,340071,551695,181113,2343740,521184,1946
Delaware,18844,28200,29070,10662,42914,38862,1946
Maryland,3910506,873327,54316,27038,3964822,900365,1946
District of Columbia,1936860,455000,5571,3000,194243,458000,1946
Virginia,3267224,751538,118812,41285,3386036,792823,1946
West Virginia,5242955,959835,1411,470,5244366,960305,1946
North Carolina,4235367,1074895,1441615,276558,5676982,1351453,1946
South Carolina,1816775,629524,765433,162345,2582208,791869,1946
Georgia,2903580,672614,138258,42412,3091838,715026,1946
Florida,2050312,430941,618877,189005,2669189,619946,1946
Kentucky,1166886,411126,1214208,168590,2381094,579716,1946
Tennessee,801789,183333,5777990,1264705,6579779,1448038,1946
Alabama,3441968,714800,3857912,611833,7299880,1326633,1946
Mississippi,162927,40366,62284,30165,225211,70531,1946
Arkansas,558420,161577,278886,64138,837306,225715,1946
Louisiana,2687074,459612,196681,82371,2883755,541983,1946
Oklahoma,1601857,343907,407252,127970,2009109,471877,1946
Texas,5976110,1097105,1362517,396895,7338627,1494000,1946
Montana,2325256,334244,140549,39152,2465805,373396,1946
Idaho,105849,233431,229065,35362,3319114,268793,1946
Wyoming,51303,32710,264595,50512,315898,83222,1946
Colorado,955733,254725,212418,78208,11685,332933,1946
New Mexico,472219,137926,132773,38816,601992,176742,1946
Arizona,199926,93972,2623724,586042,2823650,680014,1946
Utah,368157,116964,89012,25483,457169,172447,1946
Nevada,66876,10865,2421200,579292,2488076,590157,1946
Washington,3232633,545566,5806209,1192459,9038842,1738025,1946
Oregon,1134957,355685,3013609,547184,4148566,902869,1946
California,12805838,2470075,4507821,919157,17313659,3389532,1946
United States,208108305,41986482,47633679,10335525,255738984,52322007,1947
New England,13025124,3257302,320434,120073,13345558,3377375,1947
Middle Atlantic,52693752,10724211,5073111,181377,53201063,10905588,1947
East North Central,55427203,1097892,3451559,1102496,58878762,12081408,1947
West North Central,11496593,2502261,3536526,1166339,1503319,3663600,1947
South Atlantic,29412782,6019833,2853271,764491,32266053,6784324,1947
East South Central,7090389,1474300,11582326,2086354,18672715,3560654,1947
West South Central,13020996,2309535,2319400,684535,15340396,2994070,1947
Mountain,6503585,1272187,6377465,1439100,12881050,2711287,1947
Pacific,19434881,3447941,16685387,2790760,36120268,6238701,1947
Maine,1440996,352196,10754,2692,1451250,354888,1947
New Hampshire,1037074,330495,4829,1980,1041903,332475,1947
Vermont,690537,168297,338116,10742,724353,179039,1947
Massachusetts,5226011,1326033,18983,69709,5415824,1395742,1947
Rhode Island,1133084,315921,23461,6500,1156545,322421,1947
Connecticut,3497922,764360,67761,28450,3555683,792810,1947
New York,26170720,5366009,306427,98586,25177147,5164595,1947
New Jersey,7821553,1654065,77034,27082,7898637,1681144,1947
Pennsylvania,19701479,3704137,123800,55709,19825279,3759846,1947
Ohio,1648516,3033763,892960,283957,17378076,3317720,1947
Indiana,7330571,1408979,657264,234395,7987835,1643374,1947
Illinois,15687092,3186479,545906,157430,16232998,3343909,1947
Michigan,10786016,2162680,1015395,315014,11801411,2477694,1947
Wisconsin,5138408,1187011,340034,111700,5478442,12987111,1947
Minnesota,3071411,609991,426897,177226,3498308,787217,1947
Iowa,3024380,698721,364850,142352,3389230,841073,1947
Missouri,2712520,652856,385166,198747,3097686,801603,1947
North Dakota,378782,100933,40292,19516,419074,120449,1947
South Dakota,292493,81889,73468,29897,365961,111786,1947
Nebraska,2935,1883,1618916,433542,1621851,435425,1947
Kansas,2014072,355988,626937,215059,2641009,571047,1947
Delaware,20211,26600,22067,10662,42278,37262,1947
Maryland,4614627,901277,58298,28278,4572926,929655,1947
District of Columbia,2188964,505000,5339,3000,2194303,508000,1947
Virginia,3782618,752223,115379,42108,3897997,794331,1947
West Virginia,5960564,961835,1630,670,5962094,962505,1947
North Carolina,5160091,1077495,1188689,276918,6348780,1354413,1947
South Carolina,1912180,651716,671486,161377,2583666,813093,1947
Georgia,3369516,672614,108377,46952,3477893,719566,1947
Florida,2504011,471073,682106,194526,318617,665599,1947
Kentucky,2050322,495601,1162599,169271,3212921,664872,1947
Tennessee,886816,179333,6883419,1265545,7770235,1444878,1947
Alabama,3857052,736500,3464873,61833,7321925,1348333,1947
Mississippi,296199,62866,71435,39705,367634,102571,1947
Arkansas,679788,191577,237328,64738,91716,256315,1947
Louisiana,3464069,559512,218310,85665,3682379,645177,1947
Oklahoma,1945796,402707,401810,130810,2347606,533517,1947
Texas,6931343,1155739,1461962,403322,8393295,1559061,1947
Montana,2537186,335630,227101,39091,2764287,374721,1947
Idaho,1269393,250906,238121,36462,1507514,287368,1947
Wyoming,84759,32865,241269,51272,326028,34137,1947
Colorado,1119406,258916,254195,79126,1373601,338041,1947
New Mexico,672176,139589,88184,39335,760360,178924,1947
Arizona,297269,95328,2382750,586042,2680019,681370,1947
Utah,457026,147089,104334,28205,561360,175294,1947
Nevada,66370,11865,2841511,579567,290788,5914232,1947
Washington,3381045,546566,7845226,1300289,11226271,1846855,1947
Oregon,1268003,358260,4193725,546866,5481728,90526,1947
California,14785833,264315,4646436,943605,19432269,3486720,1947
United States,228230721,45380885,54467493,11178953,282698214,56589838,1948
New England,1400512,3443820,335678,121948,14340799,3565768,1948
Middle Atlantic,56914994,11559935,517344,181902,57482338,11741837,1948
East North Central,61359791,11687706,3781601,1176283,6511392,12863989,1948
West North Central,1235442,2718309,3898706,1259941,16250127,3978250,1948
South Atlantic,32882449,6502272,3206088,786085,36088537,7288357,1948
East South Central,8485313,1542460,12757038,2198342,21242351,3740802,1948
West South Central,15352724,2620080,2440670,737490,17793394,3357570,1948
Mountain,7128068,1391027,7679848,1461239,14807916,2852266,1948
Pacific,19750840,3915276,19850520,3255723,39601360,7170999,1948
Maine,1465383,371519,11103,2592,1476486,374211,1948
New Hampshire,1054627,348135,5255,1980,1059882,35015,1948
Vermont,589632,176977,33885,12817,623517,189594,1948
Massachusetts,5788577,1370908,198715,69709,5387292,1440617,1948
Rhode Island,1336736,31592,27011,6500,1363767,322421,1948
Connecticut,377046,860350,59709,28450,3329855,888810,1948
New York,26852864,5662837,341425,99586,27164289,5762423,1948
New Jersey,8280786,1853525,76255,26682,8357041,1880207,1948
Pennsylvania,21781344,4043573,129664,55634,21911008,4099207,1948
Ohio,18288980,3261736,925895,288023,19214875,3549759,1948
Indiana,8075975,1428499,691300,252400,8767275,1680899,1948
Illinois,17718616,3409589,555063,171930,18273679,3581519,1948
Michigan,11699595,2286170,1097182,334971,12756777,2621141,1948
Wisconsin,6616625,1301712,512161,128969,6128786,1430671,1948
Minnesota,3431230,672563,517200,20024,3948430,376577,1948
Iowa,3173344,730239,418792,165080,3692136,89539,1948
Missouri,2819186,704850,406337,406337,3225523,853499,1948
North Dakota,442568,118815,56834,19836,499402,138651,1948
South Dakota,342024,107769,84430,32406,426454,140175,1948
Nebraska,3285,1633,1744358,453682,1747643,455315,1948
Kansas,2139784,382450,670755,236264,2310539,618714,1948
Delaware,44975,16600,19604,11508,34579,28108,1948
Maryland,4952244,981511,56434,28278,5008678,1009789,1948
District of Columbia,2369338,605000,5013,3000,2374401,508000,1948
Virginia,4183797,813163,129558,48108,4313355,861271,1948
West Virginia,6503182,955235,1505,670,6504687,955905,1948
North Carolina,5783909,1207895,1277966,278048,7061445,1485943,1948
South Carolina,2311193,651716,864190,171487,3176383,823203,1948
Georgia,3773769,800364,109009,45452,3882778,845816,1948
Florida,2990392,570788,742809,199534,3733201,770322,1948
Kentucky,2753522,52036,1207738,20121,3961260,721572,1948
Tennessee,939808,179333,7477033,1314763,8416841,1494096,1948
Alabama,4301607,749900,3987501,644483,8289108,1394363,1948
Mississippi,490376,92866,84766,37906,545142,30771,1948
Arkansas,809231,192210,28350,67248,1027681,259458,1948
Louisiana,4169007,611980,249797,87397,4408804,699377,1948
Oklahoma,2232158,446262,428360,140643,2660518,588905,1948
Texas,8152328,1367628,1544163,442202,9696491,1809830,1948
Montana,2540868,335629,328957,53732,2869825,389361,1948
Idaho,1384915,260768,237192,36462,1622107,297230,1948
Wyoming,109687,47912,278969,56260,338656,104172,1948
Colorado,1317207,296146,278860,84733,1592067,380909,1948
New Mexico,724670,157880,121026,42133,845696,200013,1948
Arizona,495928,130968,2786190,577887,328218,708855,1948
Utah,488206,148509,112002,30295,600208,178804,1948
Nevada,66587,13215,3540652,579707,3607239,592922,1948
Washington,3354686,541026,10526553,1535918,13881239,2076944,1948
Oregon,1403941,363335,4029287,546866,5433228,910201,1948
California,14992213,3010915,5294680,1172939,20236893,4183854,1948
United States,2331783,50483971,57987760,12616363,291099543,63100334,1949
New England,13936760,3760148,338359,129436,1427519,388958,1949
Middle Atlantic,56394634,12433066,537903,490766,56932537,12623832,1949
East North Central,62354465,13274327,3898578,1313439,66253043,14587766,1949
West North Central,13283976,309921,4202414,1464374,17486390,4556295,1949
South Atlantic,33012275,7137182,3960552,850446,36972827,7987628,1949
East South Central,8051493,1764160,13772398,2406486,21823891,4170946,1949
West South Central,16603594,316571111,2825434,839093,194229028,4004804,1949
Mountain,7573111,1646732,7870667,1503052,15443778,3149784,1949
Pacific,21901475,4210427,20581455,3919271,42482930,8129698,1949
Maine,1491465,386244,11321,2692,4502786,388936,1949
New Hampshire,1079394,381786,699,1956,1085593,383741,1949
Vermont,622890,176977,38204,13972,661094,190949,1949
Massachusetts,5442379,1523858,199195,75866,5641574,1599724,1949
Rhode Island,1547788,355921,22917,6500,1570705,362421,1949
Connecticut,3752844,935360,60523,28180,3813367,963810,1949
New York,26564939,5892442,315371,104475,26880310,5996917,1949
New Jersey,8771053,2015820,75959,25762,8850012,2041582,1949
Pennsylvania,21055642,1524804,146573,60529,21202215,4585333,1949
Ohio,181944898,3893736,947610,326060,1942508,4219796,1949
Indiana,8234334,1664999,698183,269195,8932517,1934194,1949
Illinois,18068474,3688779,585119,205141,18653593,3893920,1949
Michigan,12072122,2543525,1126104,372636,11982263,2916161,1949
Wisconsin,5784637,1483288,541562,140407,6326199,1623696,1949
Minnesota,3508148,799264,576824,246054,4080972,10453118,1949
Iowa,3546055,85377,4468779,196716,4014834,1049893,1949
Missouri,37603,722071,420624,173315,3538227,895386,1949
North Dakota,492774,146935,72555,25952,565329,172887,1949
South Dakota,366535,120312,92231,35543,158766,155825,1949
Nebraska,1389,882,1849331,526644,1850720,527526,1949
Kansas,2251472,449280,722070,26080,2973542,709460,1949
Delaware,1784,16820,13822,11048,15603,27868,1949
Maryland,4510077,996511,62742,28953,4572819,1025464,1949
District of Columbia,2079956,505000,2917,3000,2082873,508000,1949
Virginia,4618496,1008865,161707,56562,4780203,1065427,1949
West Virginia,6070579,11309,1043,670,6071622,1130789,1949
North Carolina,5867884,1326660,1759666,299648,7627550,1626308,1949
South Carolina,2329407,652215,992492,171487,3321899,823702,1949
Georgia,4197639,838144,444015,44042,4341654,882186,1949
Florida,3336456,662848,822148,235036,4158604,897884,1949
Kentucky,2138106,580361,1457076,198773,3595182,779134,1949
Tennessee,1037153,179333,7675522,1130405,8712675,1609738,1949
Alabama,415910,849900,4547409,731863,8706519,1581763,1949
Mississippi,717124,154866,92391,45445,809515,2003111,1949
Arkansas,1045216,252664,280313,77895,1325529,330559,1949
Louisiana,4364015,646642,263189,96783,4627204,73425,1949
Oklahoma,2220273,456662,590026,153481,2810299,610143,1949
Texas,8974090,1809743,1691906,510934,10665996,2320677,1949
Montana,2508434,395129,406927,53642,2915361,44877,1949
Idaho,1594944,344137,245282,36462,1840226,380599,1949
Wyoming,181614,59007,324593,56220,506207,115227,1949
Colorado,1355403,304721,275556,1011940,1630959,40666,1949
New Mexico,776497,208132,134388,53106,910885,26238,1949
Arizona,596764,170748,2837415,588070,3434179,758818,1949
Utah,501347,150893,113251,3905,614598,182798,1949
Nevada,58108,13965,3533255,581707,3591363,595672,1949
Washington,3306450,586026,1772848,1855812,15079298,2441838,1949
Oregon,1394184,36585,3897257,5520118,5291441,913603,1949
California,1720084,3262816,4911350,15111441,2212191,4774257,1949
United States,266860068,55175623,62281275,13783417,329141343,68919040,1950
New England,15837057,3913377,374033,138161,16211090,4051538,1950
Middle Atlantic,62783642,13025930,588384,198841,63372026,1322477,1950
East North Central,71116481,14658195,4232245,1424562,75348736,16082757,1950
West North Central,14547123,3444105,4689801,1600293,19236924,5024398,1950
South Atlantic,3989827,7881985,3705351,974864,43603622,8856849,1950
East South Central,9895328,1834054,14710511,2629531,24605839,4463585,1950
West South Central,19411650,3800141,3103378,916833,22515028,4716974,1950
Mountain,9189849,1884749,7306920,1559901,16496769,3444650,1950
Pacific,24180657,4753087,23570652,430043,47751309,9053518,1950
Maine,1667498,412457,12959,2692,1680457,415149,1950
New Hampshire,1322486,395984,6292,1956,1328778,397940,1950
Vermont,693983,189967,40825,14197,734808,204164,1950
Massachusetts,6363304,1568338,224578,84366,6587882,1652704,1950
Rhode Island,1633377,352771,22694,6500,1656071,359271,1950
Connecticut,4156409,993860,66685,28450,4223094,1022310,1950
New York,29109957,6154407,341755,102230,29151712,6256637,1950
New Jersey,9835516,2021794,85130,30762,9920646,2052556,1950
Pennsylvania,23838169,4849729,161499,65849,23999668,4915578,1950
Ohio,20933418,4083861,1033426,345785,21966844,4429646,1950
Indiana,9616541,1850674,762525,291425,10374179,142099,1950
Illinois,20062823,4291262,622956,214477,20685779,4505739,1950
Michigan,14072681,2805360,1242860,416615,15315541,3221975,1950
Wisconsin,6435915,1627038,570478,156260,7006393,783298,1950
Minnesota,3896142,879992,652929,271347,4549071,1151339,1950
Iowa,3885076,945359,542567,227809,477643,173168,1950
Missouri,3276809,783391,441237,175085,3718046,958456,1950
North Dakota,555458,150688,104673,35846,660131,186534,1950
South Dakota,439428,132076,96224,37156,535652,169232,1950
Nebraska,2221,882,2010221,570935,2011443,571817,1950
Kansas,2492988,531717,841950,282135,3334938,813852,1950
Delaware,4637,16600,15407,11048,20044,27648,1950
Maryland,4970647,1062511,69209,36409,5039856,1098920,1950
District of Columbia,663502,505000,5399,3000,1668901,508000,1950
Virginia,6060474,1145627,172127,58124,6232601,1203751,1950
West Virginia,7820390,1255319,950,670,7821340,1255989,1950
North Carolina,185121,1445160,1643607,315128,9828728,1760288,1950
South Carolina,256913,673965,65348,173407,2910394,847372,1950
Georgia,5002148,1037730,232656,118042,5234804,1155772,1950
Florida,3934439,740073,912515,259036,4846954,999109,1950
Kentucky,3044516,697861,1345232,206458,4389748,904319,1950
Tennessee,823480,131833,8555533,1537765,9379013,1669598,1950
Alabama,4861632,849900,4715032,839863,9576664,1689763,1950
Mississippi,1165700,154480,94714,48445,1260414,199905,1950
Arkansas,1607389,331828,368083,117855,1975472,448683,1950
Louisiana,4657235,810784,278458,98081,4935693,908865,1950
Oklahoma,2387956,554876,439535,168026,927491,722902,1950
Texas,10759070,2102653,1917302,532871,12676372,2635524,1950
Montana,2800170,388429,336081,53553,3136251,441982,1950
Idaho,2277793,394137,259855,50962,537648,445099,1950
Wyoming,225546,59286,369286,80062,594812,139348,1950
Colorado,1557622,362721,297988,101319,1855610,464040,1950
New Mexico,887123,225075,126730,55793,1014153,280868,1950
Arizona,851197,246243,263812,596570,3489309,842813,1950
Utah,531529,194893,126932,39935,658561,234828,1950
Nevada,58469,13965,3151956,581707,3210425,595672,1950
Washington,3575532,586026,13795484,2179272,17370986,2765298,1950
Oregon,1616784,400985,3927764,571718,5544548,972703,1950
California,1898834,3766076,5847434,1549441,24835775,5315517,1950
United States,301845168,60192001,58827646,15582724,370672814,75774725,1951
New England,17073102,4105417,417033,149678,17440135,4255095,1951
Middle Atlantic,69377481,13981222,650120,229257,7002755,14210479,1951
East North Central,79872286,15686700,4518923,1550939,84391209,17237639,1951
West North Central,15970571,3752354,5199458,1827801,21170029,5580155,1951
South Atlantic,46240718,8736609,3513370,1057399,49754088,9794008,1951
East South Central,12172552,2159878,15786005,3129428,27958557,5289306,1951
West South Central,23559068,4331999,3437653,1130183,2699672,5462182,1951
Mountain,10445201,2164376,7181039,192426,17626300,4088637,1951
Pacific,27134239,5273446,28123985,4583778,55258244,9857224,1951
Maine,1779088,404377,13401,2892,1792489,412269,1951
New Hampshire,1554663,395534,7228,2740,1561891,398274,1951
Vermont,828904,197487,45107,13730,874011,211197,1951
Massachusetts,6735229,1699783,251833,95366,6987062,1786149,1951
Rhode Island,1531613,352396,2933,6500,1620944,358896,1951
Connecticut,4583605,1059860,70133,28454,4653738,1083310,1951
New York,32546979,6746924,367713,125930,32914697,6872354,1951
New Jersey,9830890,2152794,10805,30662,9938941,2183456,1951
Pennsylvania,26939562,5081504,174351,72665,27173913,5154169,1951
Ohio,23508742,4319786,1108348,353926,24617090,4673712,1951
Indiana,11653840,2170599,303476,291225,12457316,2461824,1951
Illinois,22039205,4441482,604413,220928,22643618,4662390,1951
Michigan,15319406,3004979,1316444,470308,16635880,3475287,1951
Wisconsin,7351093,1749874,686212,214552,8037305,1964426,1951
Minnesota,4071069,938015,723627,305948,4794696,1243963,1951
Iowa,4375749,993714,609137,277085,4984886,1270799,1951
Missouri,3603625,949003,487385,206409,4091010,1155412,1951
North Dakota,543444,150658,136098,48501,679527,199159,1951
South Dakota,499519,151884,106184,43363,605703,195247,1951
Nebraska,1298,690,2268482,647090,2269760,647789,1951
Kansas,2875882,568390,868565,299405,3744447,867795,1951
Delaware,528052,136600,19385,11608,547437,148208,1951
Maryland,5205380,1161586,85698,37204,5291078,1198790,1951
District of Columbia,1703181,505000,3532,3000,1796713,508000,1951
Virginia,7259951,1218727,172972,57049,7432923,1275776,1951
West Virginia,9268039,1483864,875,812,9268914,1454676,1951
North Carolina,8497871,150560,137313,327428,9870984,1832788,1951
South Carolina,3159215,893785,561830,173407,3721045,1067192,1951
Georgia,6097666,1057730,220471,123042,6318037,1130772,1951
Florida,4521463,804157,1075494,323649,5596957,1127806,1951
Kentucky,3398105,719110,1443136,346458,544124,1065563,1951
Tennessee,525482,131808,9545198,1897905,10070680,2029713,1951
Alabama,5549507,982500,4703875,839620,10253382,1822120,1951
Mississippi,2099488,326480,93796,48445,2193254,371905,1951
Arkansas,2465489,461938,390783,127765,2856272,589703,1951
Louisiana,5191145,876498,306772,111075,5497917,987573,1951
Oklahoma,2797627,610701,617236,19716,3414863,807862,1951
Texas,13104807,2382862,2177862,694182,15227669,3077044,1951
Montana,2927308,453629,376255,88238,3303563,541867,1951
Idaho,2542644,394077,372612,64207,2915256,458284,1951
Wyoming,232346,66486,406197,93639,638493,160125,1951
Colorado,1907599,473571,354025,164055,2261624,637626,1951
New Mexico,1061124,254985,135904,68024,1197428,323009,1951
Arizona,1017480,245600,2915972,823856,3933452,1069488,1951
Utah,694786,26213,135188,40535,829974,302648,1951
Nevada,61914,13915,2484996,581707,2546910,595622,1951
Washington,3384260,570526,16530043,2533536,19914303,3104062,1951
Oregon,1767454,417394,4201229,571135,5968683,989029,1951
California,21982525,4285026,7392713,1449107,29375238,5764133,1951
United States,322126102,64348867,77097518,17877577,399223620,82226444,1952
New England,18096790,451180,440096,163778,18536886,4675582,1952
Middle Atlantic,72372300,1455685,657505,232366,73029805,14789217,1952
East North Central,8408167,16359223,4814640,1619596,88896311,17978819,1952
West North Central,16867723,3893896,5710986,1976076,22578709,5869972,1952
South Atlantic,51072223,9805842,4222442,1155162,35294665,1096100,1952
East South Central,13721553,2370728,18508918,4121878,32230471,6492606,1952
West South Central,26945471,4722710,3617143,1330075,30562614,6052785,1952
Mountain,11108661,2447997,11509419,2344568,22618080,4792565,1952
Pacific,27859710,5679816,27616369,4934078,55476079,10613894,1952
Maine,1890870,473189,12041,3792,1902911,476981,1952
New Hampshire,1487978,434734,6654,2740,1484632,437474,1952
Vermont,748351,201467,44154,13430,792505,214897,1952
Massachusetts,7722168,1976158,272770,106966,7994938,2083124,1952
Rhode Island,1384157,353796,32088,6500,1416245,360296,1952
Connecticut,4863266,1072460,72389,30350,4935655,1102810,1952
New York,33916724,7118764,365386,120754,34282110,7239518,1952
New Jersey,10689268,2152794,107464,38062,10736732,2190856,1952
Pennsylvania,27766308,5285293,184655,73550,27960963,5358843,1952
Ohio,24521319,4533411,1145828,377231,25667144,4910642,1952
Indiana,12203135,2263415,769096,297858,12972231,2561273,1952
Illinois,23871765,4627742,661380,240675,24533148,4868412,1952
Michigan,15771619,3152803,1485983,493120,17257602,3646923,1952
Wisconsin,7713833,1781852,752353,210712,8466186,1992564,1952
Minnesota,4488220,1015783,762279,317107,5250499,1332890,1952
Iowa,4483886,992105,667510,288371,5161396,1280476,1952
Missouri,3592459,940782,530716,237968,4123175,1178740,1952
North Dakota,507892,156658,217008,79144,724900,235800,1952
South Dakota,498510,154283,18004,47687,616514,201970,1952
Nebraska,1053,710,2450960,662739,2452013,663449,1952
Kansas,3295703,633575,964509,343072,4260212,976647,1952
Delaware,942569,136600,21120,11608,963639,148208,1952
Maryland,5441796,1259182,90415,36587,5532211,1295769,1952
District of Columbia,1880334,230000,4062,3000,1884596,533000,1952
Virginia,7244519,1308967,184350,107917,7428869,1416884,1952
West Virginia,11064164,1716679,1062,612,11065226,1717291,1952
North Carolina,8807128,1836476,1558570,337098,10365698,2173524,1952
South Carolina,4208762,892035,758405,170699,4967167,1062734,1952
Georgia,6325214,1195230,324083,121592,6649297,1316822,1952
Florida,5157537,930673,1280375,366099,6437912,1296772,1952
Kentucky,4222380,78410,1915384,481241,6137764,1265351,1952
Tennessee,615198,131708,11963876,2383305,12579074,2515013,1952
Alabama,6446405,1129700,4528954,1201420,10975359,2331120,1952
Mississippi,2437570,325210,100704,55912,2538274,381122,1952
Arkansas,2768286,489764,424999,251218,3193285,710982,1952
Louisiana,5626042,932752,330236,125185,5956278,1067937,1952
Oklahoma,3303666,687773,617306,211906,3920972,899679,1952
Texas,15247477,2642421,2244602,741766,17492079,3384187,1952
Montana,3067238,453306,711396,230738,3778634,684044,1952
Idaho,2923170,576877,354916,64207,3278086,641084,1952
Wyoming,258465,77821,605948,109715,464413,187536,1952
Colorado,1920723,451785,410575,178141,2331298,629926,1952
New Mexico,1197077,279365,153410,67887,1350487,347252,1952
Arizona,717032,250624,5614480,1069412,6331512,1320036,1952
Utah,972170,344349,148041,42450,1115211,386799,1952
Nevada,52786,13870,3515653,582018,3568439,595888,1952
Washington,3357518,570526,16199273,2778836,19556791,3349362,1952
Oregon,2108766,433364,4558659,571135,6667425,1004499,1952
California,22393426,4675926,6858437,1584107,29251863,6260033,1952
United States,354271456,71201139,88393059,2030110,442664515,91502249,1953
New England,19626743,4546224,455573,174583,20082316,4720807,1953
Middle Atlantic,77660890,15954823,658636,230652,78319526,16185475,1953
East North Central,93162109,18359725,5168994,1772982,98331103,20132707,1953
West North Central,18733941,4386794,6227031,2041559,24960972,6428363,1953
South Atlantic,56099447,10918011,4611948,1578648,60711395,12496659,1953
East South Central,14127419,2664589,25237022,4914096,39364441,7578685,1953
West South Central,29945250,5506375,4220661,1640249,34165911,7146624,1953
Mountain,12649088,2566407,9179622,2521506,21828710,5087913,1953
Pacific,32266569,6298191,32633572,5426835,64900141,11725026,1953
Maine,2004340,472743,12615,3792,2016955,476535,1953
New Hampshire,1572843,434584,7015,2700,1579858,437324,1953
Vermont,708708,212467,38872,13430,787576,225897,1953
Massachusetts,859158,1975598,300058,117771,8891639,2093369,1953
Rhode Island,1449768,338722,30188,6500,1479956,345222,1953
Connecticut,5299507,111210,66825,30350,5366332,1142460,1953
New York,36480760,7610019,359754,123290,36840514,7733309,1953
New Jersey,11412076,2515294,109426,38062,11521502,2553356,1953
Pennsylvania,29768054,5829510,489456,69300,29957510,5898810,1953
Ohio,25335427,5083161,1194496,434186,26529923,5517347,1953
Indiana,13429462,2538415,792288,310498,14221750,2848913,1953
Illinois,28047579,5299267,709815,282493,28757394,5581760,1953
Michigan,18074704,3526652,1659484,526990,19734188,4053642,1953
Wisconsin,8274937,1912230,812911,218815,9087848,2131045,1953
Minnesota,494530,1144683,840539,341174,5785840,1485857,1953
Iowa,4674818,1090145,699640,303189,5378458,1393334,1953
Missouri,4509991,1190230,599447,200223,5109438,1430453,1953
North Dakota,494710,163970,284932,79142,779642,243112,1953
South Dakota,541309,152567,108731,47390,650040,199957,1953
Nebraska,936,710,2642298,670529,2643234,671239,1953
Kansas,3566876,644489,1051444,359912,4618320,1004401,1953
Delaware,947880,136600,21079,12988,968959,148588,1953
Maryland,5823371,1334430,94743,35687,5918114,137017,1953
District of Columbia,1847572,530000,3342,3000,1850914,533000,1953
Virginia,7633380,1384413,421190,287878,8054570,1672291,1953
West Virginia,12739858,2067929,1234,612,12741092,2068541,1953
North Carolina,10071875,2086476,1287183,337798,11362058,2424274,1953
South Carolina,3915321,968760,1092613,410699,5007934,1379459,1953
Georgia,6828826,1232260,260663,121592,7089489,1353852,1953
Florida,6288364,1177143,1429901,368394,7718265,1545537,1953
Kentucky,4692085,84410,3750141,882944,8442226,1727054,1953
Tennessee,515355,131708,13943560,2662405,14458915,279413,1953
Alabama,6557448,1129700,7429097,1313920,13986545,2443620,1953
Mississippi,2362531,559071,114224,54827,2476755,613898,1953
Arkansas,3018676,547688,725134,302962,3783810,850650,1953
Louisiana,5916506,1111252,357892,142440,6274398,1253692,1953
Oklahoma,3577513,750573,628346,324406,4205859,1074979,1953
Texas,17432555,3096862,2509289,870441,19941844,3967303,1953
Montana,2885929,446406,833474,389905,3719403,83631,1953
Idaho,3466321,676877,383766,64207,3850077,741084,1953
Wyoming,301760,8085,534040,112895,835800,193706,1953
Colorado,2213455,465365,518768,194435,2732223,659800,1953
New Mexico,1365207,299365,180608,73777,1545715,373142,1953
Arizona,940757,268074,4504281,1057312,5445038,1325386,1953
Utah,1414709,315599,160550,46957,1575259,362556,1953
Nevada,60950,13870,2064245,582018,2125195,595888,1953
Washington,3828157,677966,1905610,2933996,22884267,3611962,1953
Oregon,1939648,484444,5012480,81232,6952128,1305676,1953
California,26498764,5125781,8564982,1681607,35063786,6807388,1953
United States,370970147,79127296,100716207,23465114,471686354,102592410,1954
New England,19877008,4876578,490710,178858,20367718,5052486,1954
Middle Atlantic,78291338,17079398,661644,238457,78952982,17317855,1954
East North Central,97567095,20268158,5486735,1891881,103053780,22160039,1954
West North Central,20454494,5021648,7078335,2394463,27532829,741611,1954
South Atlantic,58060129,12093319,4895562,1836146,6295569,13929465,1954
East South Central,16081996,3064844,32648176,6340449,48730172,9405293,1954
West South Central,32769024,6682209,4447710,1703711,37216734,8425920,1954
Mountain,13178619,2954847,9851608,2763919,23030227,5718766,1954
Pacific,34690494,7086295,35156727,6080230,69846221,13166525,1954
Maine,212260,53642,13991,3792,2136595,539934,1954
New Hampshire,1804488,434464,8772,2740,1813260,437209,1954
Vermont,938723,243932,63826,14705,1002546,258637,1954
Massachusetts,8494287,2054828,303943,117771,8798230,2172599,1954
Rhode Island,1210487,344852,32942,6500,1243429,351352,1954
Connecticut,5306419,1262360,67236,30350,5373655,1292710,1954
New York,36813465,7983309,355645,129490,37169110,8112799,1954
New Jersey,10902606,2486294,113920,38062,11016526,2524356,1954
Pennsylvania,30575267,6609795,192079,70905,30767346,6680700,1954
Ohio,26562760,5682155,1240507,449086,27803267,6131241,1954
Indiana,13473123,2792525,784986,309273,14258109,3101798,1954
Illinois,31138681,5886867,811878,295043,31950559,6181910,1954
Michigan,17780733,3736581,1755520,583800,19536253,4320385,1954
Wisconsin,8611748,2170030,893844,254675,9505592,2424705,1954
Minnesota,5050125,1280663,892648,368896,5942773,1649559,1954
Iowa,5074674,1199965,766060,326289,5840734,1526254,1954
Missouri,5267950,1320269,918539,29771,6186489,1617980,1954
North Dakota,524168,187110,324256,78967,848424,266077,1954
South Dakota,556729,164656,391100,206348,947829,371004,1954
Nebraska,534,NA,2657535,747729,2658069,747729,1954
Kansas,3980314,868985,1128197,368523,5108511,1237508,1954
Delaware,908124,211600,23412,12298,931536,223898,1954
Maryland,5478912,1334430,94208,38187,5573120,1372617,1954
District of Columbia,1701943,530000,4061,3000,1705994,533000,1954
Virginia,7708388,1565321,525273,298148,8233661,1863469,1954
West Virginia,12979480,2192929,1341,612,12980821,2193541,1954
North Carolina,11140375,246140,1270976,415668,12411351,2877069,1954
South Carolina,4210858,1041860,1208941,530699,5419799,1572559,1954
Georgia,6729994,1451360,220895,120950,6950889,1572310,1954
Florida,7202055,1304418,1546465,416584,8718520,1721002,1954
Kentucky,5555991,99410,7010175,1473947,12566166,2468057,1954
Tennessee,544230,131708,16650720,3246255,17194950,3377963,1954
Alabama,6935245,1379700,8869552,1553920,15804797,2933620,1954
Mississippi,3046530,559326,117729,66327,3164259,625653,1954
Arkansas,4225068,803688,407410,305462,4632478,1109150,1954
Louisiana,5864149,1289602,397134,171255,6261283,1460757,1954
Oklahoma,4049831,830867,835454,326645,4885285,1157512,1954
Texas,18629976,3758152,2807712,940349,21437688,4698501,1954
Montana,2654689,502066,1619800,423238,427489,925294,1954
Idaho,3503722,676477,419219,62890,3922941,739367,1954
Wyoming,292488,8552,316021,113040,608489,198561,1954
Colorado,2384293,531365,1117541,313829,3501834,845194,1954
New Mexico,1433957,362105,175167,102461,1609124,464566,1954
Arizona,1267884,408074,4138294,1117356,5406178,1525430,1954
Utah,1570556,374179,158042,49087,1728598,423266,1954
Nevada,71050,15070,1907524,582018,1978574,597088,1954
Washington,4274889,700216,18705893,3049671,22980782,3799887,1954
Oregon,1903715,483444,7199297,1148952,9103012,1642396,1954
California,28511890,5892635,9250537,1881607,37762427,7774242,1954